_id,user_id,user_name,friend_count,follower_count,status_count,user_location,geolocation.location.lat,geolocation.location.lng
ObjectId(5c894621e783f23ca09b3b0b),100068500,Mitchamoreagent,265,206,1817,"Austin, TX",30.307182,-97.755996
ObjectId(5c894621e783f23ca09b3b11),100081250,raeshernell,480,533,18369,"florence/tuscaloosa, AL",32.346251,-86.268593
ObjectId(5c894621e783f23ca09b3b21),100140767,DCCelebrity,85,2277,2869,Washington DC,47.041398,-122.896774
ObjectId(5c894621e783f23ca09b3b24),100150340,TwentyFourGirl,294,456,37066,I d rather be in California.,38.566592,-121.468632
ObjectId(5c894621e783f23ca09b3b31),100187851,Jawaadee,788,1126,15086,"California, Anaheim",38.566592,-121.468632
ObjectId(5c894621e783f23ca09b3b3f),100255983,ANACOSTIASERIES,164,183,269,Washington D.C.,47.041398,-122.896774
ObjectId(5c894621e783f23ca09b3b4f),100310204,ChicModern,902,1880,15426,"Dallas,Texas",30.307182,-97.755996
ObjectId(5c894621e783f23ca09b3b60),100352728,predatorhunting,7769,7125,9232,California,38.566592,-121.468632
ObjectId(5c894621e783f23ca09b3b85),100431026,GabbyyLovee,507,389,5452,California,38.566592,-121.468632
ObjectId(5c894621e783f23ca09b3b8d),100441873,herouxAT,117,57,455,"Indianapolis, IN",39.776664,-86.145935
ObjectId(5c894621e783f23ca09b3ba8),10054172,crispylettuce,417,363,3383,"San Mateo, CA",38.566592,-121.468632
ObjectId(5c894621e783f23ca09b3bab),100557494,Liffick,81,15,12,Indianapolis,39.776664,-86.145935
ObjectId(5c894621e783f23ca09b3bae),100563753,Qurayshi,1392,1546,93680,Kashmir INDIA,39.776664,-86.145935
ObjectId(5c894621e783f23ca09b3bb0),100572778,kevinferrell44,226,201,3787,"San Marcos, TX",30.307182,-97.755996
ObjectId(5c894621e783f23ca09b3bd2),100649738,deejaylightsoff,1468,1841,8308,"Moreno Valley, CA",38.566592,-121.468632
ObjectId(5c894621e783f23ca09b3bfb),10077352,moviepastor,338,2498,23346,"Decatur, AL",32.346251,-86.268593
ObjectId(5c894621e783f23ca09b3bff),100782381,RoofBeamReader,1330,1661,8290,"Chicago, IL",39.763908,-89.670832
ObjectId(5c894621e783f23ca09b3c11),100817771,modernbird,3966,5097,27125,Washington DC,47.041398,-122.896774
ObjectId(5c894621e783f23ca09b3c14),100820047,ctmcdm,47,58,2805,"Midland, TX",30.307182,-97.755996
ObjectId(5c894621e783f23ca09b3c1f),100849919,SALUTEtheKING,237,675,25165,Washington D.C.,47.041398,-122.896774
ObjectId(5c894621e783f23ca09b3c21),100854193,scottyabrown,683,1593,10811,"Puget Sound, WA",47.041398,-122.896774
ObjectId(5c894621e783f23ca09b3c3e),100920859,benn1O,156,204,3089,"Los Angeles, California",38.566592,-121.468632
ObjectId(5c894621e783f23ca09b3c42),100937957,kissashh,213,293,8018,Washington/Op,47.041398,-122.896774
ObjectId(5c894621e783f23ca09b3c61),101033635,Sherrismith519,456,61,208,north alabama,32.346251,-86.268593
ObjectId(5c894621e783f23ca09b3c63),101035771,babytigger616,153,35,1674,"Fort Wayne, Indiana",39.776664,-86.145935
ObjectId(5c894621e783f23ca09b3c6a),101053971,TMKelly,45,79,2017,"Muncie, IN",39.776664,-86.145935
ObjectId(5c894621e783f23ca09b3c6e),101063335,andrewkunz,497,127,3069,"Avon, Indiana",39.776664,-86.145935
ObjectId(5c894621e783f23ca09b3c7e),101120924,iampatrickw,203,86,3230,"Los Angeles, CA",38.566592,-121.468632
ObjectId(5c894621e783f23ca09b3cc1),101335746,creolegoddess62,223,181,901,Texas,30.307182,-97.755996
ObjectId(5c894621e783f23ca09b3cda),101382647,johncollinblack,83,41,328,Indiana,39.776664,-86.145935
ObjectId(5c894621e783f23ca09b3cde),101389168,scapplegate,262,79,9271,"Tuscaloosa, AL",32.346251,-86.268593
ObjectId(5c894621e783f23ca09b3cef),101429493,MXwarrior30,99,17,309,LA/Downey CA,38.566592,-121.468632
ObjectId(5c894621e783f23ca09b3cf3),10143972,tackyspoons,486,613,9964,"Roosevelt, Seattle, WA",47.041398,-122.896774
ObjectId(5c894621e783f23ca09b3d15),101564150,foodwanderings,808,2366,29180,"Washington, DC",47.041398,-122.896774
ObjectId(5c894621e783f23ca09b3d18),101573390,sjarvis001,134,36,137,"Tuscaloosa, AL",32.346251,-86.268593
ObjectId(5c894621e783f23ca09b3d1c),101584408,KaiLizabeth,273,242,943,"Indianapolis,IN",39.776664,-86.145935
ObjectId(5c894621e783f23ca09b3d4a),101706545,urstrulyfaith,274,688,15979,California,38.566592,-121.468632
ObjectId(5c894621e783f23ca09b3d51),101739512,YMECMBJAYO,1820,239,948,"pullman, WA",47.041398,-122.896774
ObjectId(5c894621e783f23ca09b3d5d),101789560,heathersomervil,386,233,193,"Washington, DC",47.041398,-122.896774
ObjectId(5c894621e783f23ca09b3d68),101814694,alexlbridges,111,66,306,"West Lafayette, IN",39.776664,-86.145935
ObjectId(5c894621e783f23ca09b3d7a),101856673,julibear,95,40,5785,"Kyle, Texas",30.307182,-97.755996
ObjectId(5c894621e783f23ca09b3d8c),101893601,fredialucas,46,28,172,"Birmingham, Alabama",32.346251,-86.268593
ObjectId(5c894621e783f23ca09b3d90),101909808,23FIVE5STAR,324,108,1434,TEXAS CALIFORNIA,38.566592,-121.468632
ObjectId(5c894621e783f23ca09b3d95),10193222,kfuja,226,210,3784,"South Bend, IN",39.776664,-86.145935
ObjectId(5c894621e783f23ca09b3d9b),101945207,HabibahBonita68,357,566,4490,"Chicago, IL",39.763908,-89.670832
ObjectId(5c894621e783f23ca09b3dad),102005208,YoungBuccie,347,95,525,"Monroeville, Alabama",32.346251,-86.268593
ObjectId(5c894621e783f23ca09b3dba),102048549,NiyaaahFoolie,196,290,11987,"thugg st., CA",38.566592,-121.468632
ObjectId(5c894621e783f23ca09b3dc0),102084657,bitemyliips,337,292,20676,"Bumpass, texas",30.307182,-97.755996
ObjectId(5c894621e783f23ca09b3dc4),102100563,AndyLawson,843,946,3281,"Fort Worth, TX",30.307182,-97.755996
ObjectId(5c894621e783f23ca09b3dc8),102107828,vjotimesherald,243,772,5039,"Vallejo, CA",38.566592,-121.468632
ObjectId(5c894621e783f23ca09b3dcb),102112890,amKayK,395,50,2870,Hyd/Washington DC,47.041398,-122.896774
ObjectId(5c894621e783f23ca09b3dd3),102142741,FamiliesForHim,97,64,46,"Prattville, AL",32.346251,-86.268593
ObjectId(5c894621e783f23ca09b3dda),102163638,ehmeejay,79,26,291,"Los Angeles, CA",38.566592,-121.468632
ObjectId(5c894621e783f23ca09b3e05),102291834,shanamama9197,632,634,11689,The desert of CA,38.566592,-121.468632
ObjectId(5c894621e783f23ca09b3e26),102376476,garlandcrime,0,29,66,"Garland, TX",30.307182,-97.755996
ObjectId(5c894621e783f23ca09b3e2c),10241062,fearv,422,347,3856,"Riverside, CA",38.566592,-121.468632
ObjectId(5c894621e783f23ca09b3e35),102449656,lhammerstudios,304,101,337,"Santa Clarita, CA",38.566592,-121.468632
ObjectId(5c894621e783f23ca09b3e39),102457173,CoreyJMr88,553,380,6244,Deep in the Heart of Texas,30.307182,-97.755996
ObjectId(5c894621e783f23ca09b3e56),102526661,GetOffMyShoes,274,304,13320,"Welcome 2 my world, CA",38.566592,-121.468632
ObjectId(5c894621e783f23ca09b3e57),102527985,OGmack,318,573,8433,"Houston , TX",30.307182,-97.755996
ObjectId(5c894621e783f23ca09b3e58),10252962,ktla,407,16534,18390,"Los Angeles, CA",38.566592,-121.468632
ObjectId(5c894621e783f23ca09b3e60),102547835,iloovecock,178,135,2383,"Austin, Texas",30.307182,-97.755996
ObjectId(5c894621e783f23ca09b3e69),102557792,annaDOLLFACE,79,89,2826,"San Antonio, Texas.",30.307182,-97.755996
ObjectId(5c894621e783f23ca09b3e70),102588236,desgalindo,380,457,7823,"Stockton, California",38.566592,-121.468632
ObjectId(5c894621e783f23ca09b3e74),102595595,fortunefunny,95,14356,1021,"Los Angeles, CA",38.566592,-121.468632
ObjectId(5c894621e783f23ca09b3e92),102719028,LittleMenTalkin,121,166,2272,"At a park near you, TX",30.307182,-97.755996
ObjectId(5c894621e783f23ca09b3ea2),102770567,dedekeene,330,222,11947,Texas,30.307182,-97.755996
ObjectId(5c894621e783f23ca09b3ea8),102791919,MTTrainingCntr,201,39,24,"Grand Prairie, Texas",30.307182,-97.755996
ObjectId(5c894621e783f23ca09b3ebe),10283252,knoxbronson,101,153,856,"Oakland, California",38.566592,-121.468632
ObjectId(5c894621e783f23ca09b3ec4),102841324,iworkatpuma,180,193,9418,"Oceanside, CA",38.566592,-121.468632
ObjectId(5c894621e783f23ca09b3ec5),102842182,AlhambraSource,443,372,499,"Alhambra, CA",38.566592,-121.468632
ObjectId(5c894621e783f23ca09b3ecb),102864313,MoeHammer,46,44,3738,"Downey, CA",38.566592,-121.468632
ObjectId(5c894621e783f23ca09b3edd),102912795,toriasings,217,421,8613,"bay area, california",38.566592,-121.468632
ObjectId(5c894621e783f23ca09b3ee3),10292772,hammermuseum,2150,12676,1132,"Los Angeles, CA",38.566592,-121.468632
ObjectId(5c894621e783f23ca09b3f07),103025687,AriVoice,638,365,5831,"Ventura, California",38.566592,-121.468632
ObjectId(5c894621e783f23ca09b3f1e),103097325,imlauraleigh,74,87,877,Alabama.,32.346251,-86.268593
ObjectId(5c894621e783f23ca09b3f5f),10326732,MichaelMidnight,1995,1592,19005,"Los Angeles, CA.",38.566592,-121.468632
ObjectId(5c894621e783f23ca09b3f81),103361277,LindseyNSwaim,192,63,268,"Dallas, TX",30.307182,-97.755996
ObjectId(5c894621e783f23ca09b3f88),103368464,hisintandem,822,325,1692,"Austin, Texas",30.307182,-97.755996
ObjectId(5c894621e783f23ca09b3f8d),10338902,chrissandoval,421,559,12109,"San Antonio, TX",30.307182,-97.755996
ObjectId(5c894621e783f23ca09b3faf),103459971,LeAnna559,155,99,2192,"California, Sanger",38.566592,-121.468632
ObjectId(5c894621e783f23ca09b3fb0),103462389,LustPinkLEOPARD,152,86,2006,Katy Texas,30.307182,-97.755996
ObjectId(5c894621e783f23ca09b3fb6),103472516,aimanP,107,68,3521,Indiana,39.776664,-86.145935
ObjectId(5c894621e783f23ca09b3fc0),103490066,BreakingWLAnews,430,658,15072,"West Los Angeles, California",38.566592,-121.468632
ObjectId(5c894621e783f23ca09b3fc2),103491935,HitMyDougiee,157,215,7220,The Juice (oc) California,38.566592,-121.468632
ObjectId(5c894621e783f23ca09b3ffa),103652668,madisoncain,85,192,349,"Troy, AL",32.346251,-86.268593
ObjectId(5c894621e783f23ca09b3ffb),103653107,skovacs19,31,61,2773,Indianapolis,39.776664,-86.145935
ObjectId(5c894621e783f23ca09b3fff),103668792,glimmeringgems,2730,3989,52516,North Texas,30.307182,-97.755996
ObjectId(5c894621e783f23ca09b4008),103689134,homicidewatch,457,401,947,"Washington, D.C.",47.041398,-122.896774
ObjectId(5c894621e783f23ca09b4019),103723883,Hard8,447,213,4809,"Arlington, TX",30.307182,-97.755996
ObjectId(5c894621e783f23ca09b4020),10376902,brianwisti,377,284,3738,"Seattle, WA",47.041398,-122.896774
ObjectId(5c894621e783f23ca09b4022),103780687,BallTilIFa11,483,575,17987,"Bullcity, Delaware, Boaz AL",32.346251,-86.268593
ObjectId(5c894621e783f23ca09b4045),103897822,nansealove,269,203,493,"Santa Rosa, California USA",38.566592,-121.468632
ObjectId(5c894621e783f23ca09b4050),103930240,lizaluker,594,244,1668,"Homewood, AL",32.346251,-86.268593
ObjectId(5c894621e783f23ca09b4066),103977733,BrittAlexander,193,210,2655,"Dallas, Texas",30.307182,-97.755996
ObjectId(5c894621e783f23ca09b406e),103990836,Julio68Slapp,1156,685,5171,"Chicago,Illinois (SOUTHSIDE)",39.763908,-89.670832
ObjectId(5c894621e783f23ca09b408c),104070628,Ciarawanablykme,126,129,1205,"Birmingham, AL",32.346251,-86.268593
ObjectId(5c894621e783f23ca09b40b9),104248099,1Juice1,121,121,4813,"Clarksville, IN.",39.776664,-86.145935
ObjectId(5c894621e783f23ca09b40bd),104256723,SECPRGuy,350,2727,864,"Birmingham, AL",32.346251,-86.268593
ObjectId(5c894621e783f23ca09b40c1),104272080,AV8RS,169,33,164,"San Francisco, CA",38.566592,-121.468632
ObjectId(5c894621e783f23ca09b40c3),104275045,acCOOSH,67,56,1691,Washington D.C.,47.041398,-122.896774
ObjectId(5c894621e783f23ca09b40c8),104297513,beartheirburden,1739,603,2189,"Hollister, CA, USA",38.566592,-121.468632
ObjectId(5c894621e783f23ca09b40ca),104300763,LastQueenJewelz,821,515,16099,"FreakyWorld Chicago,California",38.566592,-121.468632
ObjectId(5c894621e783f23ca09b40d4),10433782,mercnews,454,6015,44390,"Silicon Valley, CA",38.566592,-121.468632
ObjectId(5c894621e783f23ca09b40d5),104342107,GabbyHoffman,2049,2334,16655,"San Diego, CA",38.566592,-121.468632
ObjectId(5c894621e783f23ca09b40d6),104342972,omw2l0nd0n,349,486,18623,"Cougar City, California",38.566592,-121.468632
ObjectId(5c894621e783f23ca09b40eb),104397035,Zarveon,218,294,18490,Texas,30.307182,-97.755996
ObjectId(5c894621e783f23ca09b40f3),104426641,Mykr0,69,42,949,"Naptown, Indiana",39.776664,-86.145935
ObjectId(5c894621e783f23ca09b410e),104535107,mrLitke,404,488,2947,Indianapolis,39.776664,-86.145935
ObjectId(5c894621e783f23ca09b4113),104552666,gtcox15,167,89,10965,"Nashville, IN",39.776664,-86.145935
ObjectId(5c894621e783f23ca09b411d),10457322,enricolimcaco,223,237,6033,"Oakland, California",38.566592,-121.468632
ObjectId(5c894621e783f23ca09b4121),104579168,MEGABUSIVE,996,1240,27594,"San Jose, CA",38.566592,-121.468632
ObjectId(5c894621e783f23ca09b4132),104608356,boyfromdixie,1947,2058,16701,alabama,32.346251,-86.268593
ObjectId(5c894621e783f23ca09b4146),104667493,JessicaStanPTB,990,847,4797,"Forks, WA",47.041398,-122.896774
ObjectId(5c894621e783f23ca09b4153),104698941,AyeeeKiddo,182,877,31330,"Palmdale, CA",38.566592,-121.468632
ObjectId(5c894621e783f23ca09b4155),104708526,MuseumTrekker,3674,3504,1654,"Washington, DC",47.041398,-122.896774
ObjectId(5c894621e783f23ca09b415c),104743147,WebTeachers,202,75,190,"Twin Peaks, California",38.566592,-121.468632
ObjectId(5c894621e783f23ca09b415f),104751955,WeLearnOnline,96,57,894,"Twin Peaks, California",38.566592,-121.468632
ObjectId(5c894621e783f23ca09b416a),10477302,mattplanet,729,737,11370,"Birmingham, AL",32.346251,-86.268593
ObjectId(5c894621e783f23ca09b4193),104913970,CentralCAnews,134,286,19608,Central Valley California,38.566592,-121.468632
ObjectId(5c894621e783f23ca09b41a2),104944511,AlliknowismeKB,259,213,631,"Indianapolis, Indiana",39.776664,-86.145935
ObjectId(5c894621e783f23ca09b41af),104966490,joeahnnuh,23,88,2539,"fort worthless, texas.):",30.307182,-97.755996
ObjectId(5c894621e783f23ca09b41ba),104989115,TheChristation,52,155,20556,"grandrpirarie, texas ya lll(:",30.307182,-97.755996
ObjectId(5c894621e783f23ca09b41c0),104996892,laurarbrant,180,59,55,"Allen, TX",30.307182,-97.755996
ObjectId(5c894621e783f23ca09b41c3),105011437,JRoger777,1002,1045,6430,"Fort Worth, Texas",30.307182,-97.755996
ObjectId(5c894621e783f23ca09b41db),105082779,StetRozayrLp,161,218,7414,California Party USA,38.566592,-121.468632
ObjectId(5c894621e783f23ca09b41fe),105222456,goodmoine,212,215,1123,"Dallas, TX",30.307182,-97.755996
ObjectId(5c894621e783f23ca09b4206),105254114,NeyraOrtiz,972,1435,22634,"El Monte, CA",38.566592,-121.468632
ObjectId(5c894621e783f23ca09b420c),105280551,WONCBACK,368,150,846,"Washington, DC",47.041398,-122.896774
ObjectId(5c894621e783f23ca09b4210),105304331,kalnok,5564,5084,31627,"Walla Walla, WA, USA",47.041398,-122.896774
ObjectId(5c894621e783f23ca09b423a),105460733,MyStroPro,139,35,278,"San Diego, CA, USA",38.566592,-121.468632
ObjectId(5c894621e783f23ca09b4249),105515893,aprilsopinions,125,74,464,"Indianapolis, IN",39.776664,-86.145935
ObjectId(5c894621e783f23ca09b4252),105580730,mansermatt,820,1126,1186,"Los Angeles, CA",38.566592,-121.468632
ObjectId(5c894621e783f23ca09b427d),105737164,SarahBos,29,18,433,"Huntington Beach, CA",38.566592,-121.468632
ObjectId(5c894621e783f23ca09b42c5),105982200,MusicWebTools,228,79,321,"Twin Peaks, California",38.566592,-121.468632
ObjectId(5c894621e783f23ca09b42d0),106016716,Jimkaz1,55,30,58,"Bay Area, California",38.566592,-121.468632
ObjectId(5c894621e783f23ca09b42d1),106018369,QuoteYE,121,279,25119,"The MOE City, TX",30.307182,-97.755996
ObjectId(5c894621e783f23ca09b42e4),106055724,wangshenyi,17,10,28,"Seattle, WA",47.041398,-122.896774
ObjectId(5c894621e783f23ca09b4302),106203111,KarenED,837,1524,13499,south TX,30.307182,-97.755996
ObjectId(5c894621e783f23ca09b4306),106210766,SweetSweetVal,383,555,13173,"Houston, TX",30.307182,-97.755996
ObjectId(5c894621e783f23ca09b4310),106232480,theMDXP,203,258,3878,"Washington, DC (METRO Area)",47.041398,-122.896774
ObjectId(5c894621e783f23ca09b431e),106283802,soldbuysherri,3,23,226,"Oak Lawn, IL",39.763908,-89.670832
ObjectId(5c894621e783f23ca09b4322),106291867,DanielleeEllee,103,106,762,San Jose CA,38.566592,-121.468632
ObjectId(5c894621e783f23ca09b4335),106353080,DPott87,71,35,603,"Auburn, AL",32.346251,-86.268593
ObjectId(5c894621e783f23ca09b4336),106353987,ladieBAAM,199,750,28753,"Bay Area , CA",38.566592,-121.468632
ObjectId(5c894621e783f23ca09b433b),106365438,JilliansIsland,282,290,11629,"Oakland/ Sacramento, CA",38.566592,-121.468632
ObjectId(5c894621e783f23ca09b434a),106412241,ThisBelleRocks,532,630,4940,"near Huntsville, AL",32.346251,-86.268593
ObjectId(5c894621e783f23ca09b4354),106454378,Vethomeloans,270,154,64,"Dallas, Texas",30.307182,-97.755996
ObjectId(5c894621e783f23ca09b4362),10648962,seattlepi,8603,12143,12392,"Seattle, Washington, USA",47.041398,-122.896774
ObjectId(5c894621e783f23ca09b4366),106510607,SeattleDatingEx,1931,1779,141046,"Seattle, Washington",47.041398,-122.896774
ObjectId(5c894621e783f23ca09b4367),106510897,SeanJordan18,133,84,813,"Fort Wayne, IN",39.776664,-86.145935
ObjectId(5c894621e783f23ca09b4368),106513768,travisx,120,277,5360,"Livermore, CA",38.566592,-121.468632
ObjectId(5c894621e783f23ca09b4375),106537667,jolaurit,74,67,2716,Indianapolis,39.776664,-86.145935
ObjectId(5c894621e783f23ca09b4380),106563854,StephyJey,48,40,241,Seattle WA,47.041398,-122.896774
ObjectId(5c894621e783f23ca09b4385),106572754,JPGill,648,95,575,"Sunnyvale, CA",38.566592,-121.468632
ObjectId(5c894621e783f23ca09b4390),106621529,TwiitterName,276,360,13694,"LOOK UP!!, TEXAS   Nawlins,LA",30.307182,-97.755996
ObjectId(5c894621e783f23ca09b4399),106654843,Mami2flyi,97,57,743,CALIFORNIA,38.566592,-121.468632
ObjectId(5c894621e783f23ca09b43a5),106702707,HannahGWright,42,36,96,South Bend IN,39.776664,-86.145935
ObjectId(5c894621e783f23ca09b43e9),106897246,cruzgarcia7,256,165,2836,"Bloomington, IN",39.776664,-86.145935
ObjectId(5c894621e783f23ca09b43ec),106901231,my2scrapchicks,803,623,3171,texas,30.307182,-97.755996
ObjectId(5c894621e783f23ca09b43fa),106942163,curtiskj,305,319,12093,"Washington, DC",47.041398,-122.896774
ObjectId(5c894621e783f23ca09b4405),106958044,siliconhomes,23,613,7622,"San Jose, CA",38.566592,-121.468632
ObjectId(5c894621e783f23ca09b4409),10697232,drdrang,85,455,4633,"Naperville, Illinois",39.763908,-89.670832
ObjectId(5c894621e783f23ca09b4415),107010417,jaehyun91,120,131,5138,"Champaign, IL",39.763908,-89.670832
ObjectId(5c894621e783f23ca09b442e),107145674,PSAal,486,353,180,"Montgomery, AL",32.346251,-86.268593
ObjectId(5c894621e783f23ca09b442f),107150980,UniiqueTekniqz,988,2102,11714,"Los Angeles, CA / Dayton, OH",38.566592,-121.468632
ObjectId(5c894621e783f23ca09b4435),107161142,TheYelloNegro,235,240,24590,"bham/the vallo, alabama",32.346251,-86.268593
ObjectId(5c894621e783f23ca09b4438),107162792,AbnerBatiz,77,119,4989,Sacramento CA,38.566592,-121.468632
ObjectId(5c894621e783f23ca09b444a),107223604,homepipe,2015,1426,1051,"Seattle, WA",47.041398,-122.896774
ObjectId(5c894621e783f23ca09b444b),107223974,AM1220WLPO,40,88,3528,"LaSalle Peru Ottawa, IL.",39.763908,-89.670832
ObjectId(5c894621e783f23ca09b445f),107279791,DevinFisch,89,11,1203,"Fort Worth, TX",30.307182,-97.755996
ObjectId(5c894621e783f23ca09b4480),107403347,Allisonnnn7,66,115,1345,Texas,30.307182,-97.755996
ObjectId(5c894621e783f23ca09b4490),107438654,SassyNewsie,70,24,28,"San Jose, California",38.566592,-121.468632
ObjectId(5c894621e783f23ca09b4494),107445511,nhankins84,881,64,135,"Chicago, IL",39.763908,-89.670832
ObjectId(5c894621e783f23ca09b449f),107496143,iCornbread,656,441,16636,"mobile, alabama",32.346251,-86.268593
ObjectId(5c894621e783f23ca09b44b5),107550518,GuysOfLookbook,522,247,5493,"Hollywood, CA",38.566592,-121.468632
ObjectId(5c894621e783f23ca09b44b6),107552642,ChriShonSaid,640,696,16224,"Montgomery,Alabama",32.346251,-86.268593
ObjectId(5c894621e783f23ca09b44bd),107570509,KerriKenney,60,17743,362,California,38.566592,-121.468632
ObjectId(5c894621e783f23ca09b44bf),107575731,VampireMob,2954,2755,19570,"Los Angeles, CA",38.566592,-121.468632
ObjectId(5c894621e783f23ca09b44cc),107612608,AuntyAlias,647,314,5700,"San Francisco, CA, USA",38.566592,-121.468632
ObjectId(5c894621e783f23ca09b44d0),107617962,decordiathediva,298,306,11295,"where im at,texas",30.307182,-97.755996
ObjectId(5c894621e783f23ca09b44d9),107636000,KickzMYAss,284,297,11034,JAY WALKIN W/ YA GIRL,47.041398,-122.896774
ObjectId(5c894621e783f23ca09b44f1),107737192,jasonkorb,94,31,224,"Giddings, TX",30.307182,-97.755996
ObjectId(5c894621e783f23ca09b44fe),107763294,BourbandSham,21,12,559,"Huntsville, Alabama, USA",32.346251,-86.268593
ObjectId(5c894621e783f23ca09b451b),107838974,thorobreadmusic,1083,862,14863,"Dallas, TX",30.307182,-97.755996
ObjectId(5c894621e783f23ca09b455d),108056782,BamaBullyRescue,20,156,3463,Alabama,32.346251,-86.268593
ObjectId(5c894621e783f23ca09b4588),108170598,jhanereifsteck,218,100,1206,"Champaign, IL",39.763908,-89.670832
ObjectId(5c894621e783f23ca09b458b),108182309,DreaminVampire,996,900,22909,Hotel California,38.566592,-121.468632
ObjectId(5c894621e783f23ca09b458f),108186215,DiANNe0985,617,274,2691,Northern California,38.566592,-121.468632
ObjectId(5c894621e783f23ca09b4594),108205449,ONEDEEPCLOTHING,305,237,1527,Texas,30.307182,-97.755996
ObjectId(5c894621e783f23ca09b4595),108208843,melvin8489,195,210,8337,California,38.566592,-121.468632
ObjectId(5c894621e783f23ca09b45b8),108342384,FliG5tLif3Dash,267,323,17816,MOON WALKING.!,47.041398,-122.896774
ObjectId(5c894621e783f23ca09b45bf),108358749,aldotcomPreps,1,126,3083,Alabama,32.346251,-86.268593
ObjectId(5c894621e783f23ca09b45cd),108394246,layweed,61,27,9174,"Austin, Texas",30.307182,-97.755996
ObjectId(5c894621e783f23ca09b45e2),108440501,cmrwilliams,142,259,892,"Austin, TX",30.307182,-97.755996
ObjectId(5c894621e783f23ca09b45f2),108509671,DrKevinDC,229,167,752,"Pasadena, CA",38.566592,-121.468632
ObjectId(5c894621e783f23ca09b45f9),108520811,OzStockman,85,124,2889,"Ozona, Texas",30.307182,-97.755996
ObjectId(5c894621e783f23ca09b461e),108633546,DakotahJane,400,163,5856,"Stevenson, WA",47.041398,-122.896774
ObjectId(5c894621e783f23ca09b463e),10874902,micahgideon,61,80,1373,"Bloomington, IN",39.776664,-86.145935
ObjectId(5c894621e783f23ca09b4661),108860405,charethcutestry,134,51,9653,california,38.566592,-121.468632
ObjectId(5c894621e783f23ca09b466e),108908542,ndpparkercounty,2,8,191,"Parker County, Texas",30.307182,-97.755996
ObjectId(5c894621e783f23ca09b4681),108977247,itsALLboutME,129,68,1753,Anywhere where The CASH at,38.566592,-121.468632
ObjectId(5c894621e783f23ca09b46a6),109080865,ProducerNine,79,4352,6129,"Los Angeles, CA",38.566592,-121.468632
ObjectId(5c894621e783f23ca09b46a9),109094412,MorganAlysha,131,162,2859,"San Antonio, Texas.",30.307182,-97.755996
ObjectId(5c894621e783f23ca09b46ad),109100482,OhNoItsOjoh,694,1073,21492,"Mo City/Beaumont, TX",30.307182,-97.755996
ObjectId(5c894621e783f23ca09b46b9),109155598,Sickzombi3,19,6,223,Jeffersonville IN,39.776664,-86.145935
ObjectId(5c894621e783f23ca09b46c1),109192303,Soldierjohn,5320,5391,27209,Texas,30.307182,-97.755996
ObjectId(5c894621e783f23ca09b46d6),109268265,RunMoniRun,70,128,9136,"Houston, TX",30.307182,-97.755996
ObjectId(5c894621e783f23ca09b46df),109312026,allinonedomains,116,70,1145,"Houston, Texas",30.307182,-97.755996
ObjectId(5c894621e783f23ca09b46e8),109342397,KateSpringer,260,293,1093,"Champaign, IL",39.763908,-89.670832
ObjectId(5c894621e783f23ca09b46f3),109369783,kaganoffkitchen,283,204,1629,"Los Angeles, CA",38.566592,-121.468632
ObjectId(5c894621e783f23ca09b46f4),109370777,ThaMinority,198,361,29425,"Tuskegee, Alabama",32.346251,-86.268593
ObjectId(5c894621e783f23ca09b4712),109448294,kaelinmuse,914,464,4963,"Austin, TX",30.307182,-97.755996
ObjectId(5c894621e783f23ca09b4718),109459518,SomeGirlsTweets,485,1654,10689,Texas,30.307182,-97.755996
ObjectId(5c894621e783f23ca09b471f),109482759,68ANDIOU1,168,216,22747,WORLD IN MY HEAD,39.776664,-86.145935
ObjectId(5c894621e783f23ca09b4723),109493626,Casper300zx,262,206,7426,"Modesto, CA",38.566592,-121.468632
ObjectId(5c894621e783f23ca09b472b),109511890,GRINCHO484,2000,933,12483,"BAY AREA,EAST PALO ALTO,THA G",32.346251,-86.268593
ObjectId(5c894621e783f23ca09b472e),109525426,JakeShhh,82,50,1389,Boise Id. Orange county CA.,38.566592,-121.468632
ObjectId(5c894621e783f23ca09b4740),109569992,CaptainBLUNTman,35144,41026,25959,Washington D.C,47.041398,-122.896774
ObjectId(5c894621e783f23ca09b4757),109667076,firebuzztap,16,453,2693,"Chicago, IL",39.763908,-89.670832
ObjectId(5c894621e783f23ca09b4778),109757210,maddiemac24,81,25,501,Illinois,39.763908,-89.670832
ObjectId(5c894621e783f23ca09b4788),109811731,StarrkWolf,216,94,1269,"Austin, Texas",30.307182,-97.755996
ObjectId(5c894621e783f23ca09b4796),10985382,jasonsamfield,2001,706,2999,"San Marcos, TX, USA",30.307182,-97.755996
ObjectId(5c894621e783f23ca09b479d),109920612,cathysvoice,460,343,1821,Indianapolis,39.776664,-86.145935
ObjectId(5c894621e783f23ca09b47a7),109956393,skim277,176,46,71,"Champaign, IL",39.763908,-89.670832
ObjectId(5c894621e783f23ca09b47ac),109971742,mrisha5,615,508,378,Illinois,39.763908,-89.670832
ObjectId(5c894621e783f23ca09b47ae),10998412,travisbedard,1162,1793,28835,"Austin, TX, USA",30.307182,-97.755996
ObjectId(5c894621e783f23ca09b47ba),110029236,KyleZimmermann,44,9,30,"Ojai, CA",38.566592,-121.468632
ObjectId(5c894621e783f23ca09b47c4),110065635,CaliRomania,163,61,768,"Twin Peaks, CA",38.566592,-121.468632
ObjectId(5c894621e783f23ca09b47e9),110222135,EdHooligan,100,127,988,"Crook County, IL / Dubai, UAE",39.763908,-89.670832
ObjectId(5c894621e783f23ca09b4805),110301991,Blackeddie7,141,111,1361,Indiana,39.776664,-86.145935
ObjectId(5c894621e783f23ca09b4836),110468303,dfwbreakingnews,348,915,14074,"Dallas, TX",30.307182,-97.755996
ObjectId(5c894621e783f23ca09b483e),110492301,YogaDIGG,178,268,807,"San Francisco, California",38.566592,-121.468632
ObjectId(5c894621e783f23ca09b484b),110522630,OpenRoadLending,6379,5164,6859,"Irving, TX",30.307182,-97.755996
ObjectId(5c894621e783f23ca09b4850),11053612,marcholmes,307,725,3552,"Bellevue, WA",47.041398,-122.896774
ObjectId(5c894621e783f23ca09b4852),110539147,AgileGadgets,49,567,21287,"Dallas, TX",30.307182,-97.755996
ObjectId(5c894621e783f23ca09b4855),110542280,backpage,301,293,3279,Washington D.C.,47.041398,-122.896774
ObjectId(5c894621e783f23ca09b486e),110623706,DanLawlerOnline,144,67,377,"Los Angels, CA, USA",38.566592,-121.468632
ObjectId(5c894621e783f23ca09b4875),110646523,bonAPHIde4,383,496,6985,California To Arkansas,38.566592,-121.468632
ObjectId(5c894621e783f23ca09b4880),110691347,crazytim,182,195,1814,"California, US",38.566592,-121.468632
ObjectId(5c894621e783f23ca09b48a2),110819250,StunningVisual,332,349,20756,"NotQuiteChicago, IL",39.763908,-89.670832
ObjectId(5c894621e783f23ca09b48b0),110852731,jibbs91,170,84,176,Bloomington IN,39.776664,-86.145935
ObjectId(5c894621e783f23ca09b48b2),110859237,ZTAMSIDOLS,471,97,19,"San Francisco, California",38.566592,-121.468632
ObjectId(5c894621e783f23ca09b48bd),110902398,LexP,288,1419,27758,"Houston, Texas",30.307182,-97.755996
ObjectId(5c894621e783f23ca09b48be),110902949,SK82DESTROY,154,77,1685,Watsonville; California,38.566592,-121.468632
ObjectId(5c894621e783f23ca09b48c4),110918253,alnotes,133,359,10844,Alabama,32.346251,-86.268593
ObjectId(5c894621e783f23ca09b4907),111135362,runveggiejen,265,120,141,"Olympia, WA",47.041398,-122.896774
ObjectId(5c894621e783f23ca09b4914),11117032,SimplySweetHome,656,1253,1556,Alabama,32.346251,-86.268593
ObjectId(5c894621e783f23ca09b4933),111251169,shawtywazzup,36,12,670,"ANAHEIM, CALIFORNIA",38.566592,-121.468632
ObjectId(5c894621e783f23ca09b495e),111399963,lshoweassoc,144,88,181,Central Indiana,39.776664,-86.145935
ObjectId(5c894621e783f23ca09b4966),111427015,marylolagouge,643,323,3243,"Timpson, TX",30.307182,-97.755996
ObjectId(5c894621e783f23ca09b4974),111480254,MajorDrew,144,167,5239,"IE, California",38.566592,-121.468632
ObjectId(5c894621e783f23ca09b49b6),111667042,Snitkor,36,114,1813,"Chicago, IL",39.763908,-89.670832
ObjectId(5c894621e783f23ca09b49bb),111680675,JosiGreen,535,777,47029,"Lawndale, Chicago, IL",39.763908,-89.670832
ObjectId(5c894621e783f23ca09b49bd),111681071,CoachBurnett,162,413,2846,"Muncie, Indiana",39.776664,-86.145935
ObjectId(5c894621e783f23ca09b49be),111681842,MRPP1,262,225,5384,WHERE I KNOWYOU WANNA BE,47.041398,-122.896774
ObjectId(5c894621e783f23ca09b49c0),111687153,TruBeautiMe,440,393,3652,"Austin, TX",30.307182,-97.755996
ObjectId(5c894621e783f23ca09b49c6),111710642,HunterStreetNow,4,306,491,"Hoover, Alabama",32.346251,-86.268593
ObjectId(5c894621e783f23ca09b49ce),111729078,bamasports,3,1812,24997,"Tuscaloosa, AL",32.346251,-86.268593
ObjectId(5c894621e783f23ca09b49d3),111745160,daniTRIO,82,87,4004,California,38.566592,-121.468632
ObjectId(5c894621e783f23ca09b49e6),111799554,Arukemos,100,174,1283,"California, USA",38.566592,-121.468632
ObjectId(5c894621e783f23ca09b49ea),111814129,DruBoiFresh,637,653,22313,VA        AL,32.346251,-86.268593
ObjectId(5c894621e783f23ca09b4a16),111968095,ACDClvr,1154,448,20115,Texas,30.307182,-97.755996
ObjectId(5c894621e783f23ca09b4a30),112043840,Bamadega,4279,3926,2982,Alabama,32.346251,-86.268593
ObjectId(5c894621e783f23ca09b4a7d),112315161,PaulRevProject,120,163,4958,Indiana,39.776664,-86.145935
ObjectId(5c894621e783f23ca09b4a9e),11239092,calwatch,289,189,1167,"Pomona, CA",38.566592,-121.468632
ObjectId(5c894621e783f23ca09b4aa7),112428234,KyleJLittle,67,50,408,"Westfield, IN",39.776664,-86.145935
ObjectId(5c894621e783f23ca09b4b33),112861117,CPRMembers,512,514,2996,"Richardson, TX",30.307182,-97.755996
ObjectId(5c894621e783f23ca09b4b36),112881146,ImJusTiAradeep,168,203,9648,Dallas TX & manhattan ks,30.307182,-97.755996
ObjectId(5c894621e783f23ca09b4b41),112916520,Slatefield,224,133,3796,"Richardson, TX",30.307182,-97.755996
ObjectId(5c894621e783f23ca09b4b4b),112943356,Chaicago,56,31,317,"Chicago, IL",39.763908,-89.670832
ObjectId(5c894621e783f23ca09b4b4f),112945581,badlilLESBO,352,459,6483,"Fairfield, CA.",38.566592,-121.468632
ObjectId(5c894621e783f23ca09b4b52),112948120,mgardner20,175,84,1166,"West Lafayette, IN",39.776664,-86.145935
ObjectId(5c894621e783f23ca09b4b82),113105334,longbeachtowns,201,517,7743,Long Beach CA,38.566592,-121.468632
ObjectId(5c894621e783f23ca09b4b84),113105860,Donnie15,116,13,1335,"South Bend, Indiana, U.S.",39.776664,-86.145935
ObjectId(5c894621e783f23ca09b4b8e),113128242,LovelyNSmith561,129,221,14638,A DAY IN MY 5 INCH HEELS,39.776664,-86.145935
ObjectId(5c894621e783f23ca09b4ba4),113191238,yurstrulyannie,522,625,22069,"  Texas [insomebodiesheart]",30.307182,-97.755996
ObjectId(5c894621e783f23ca09b4bb7),113234784,BarrySux,2383,2694,15680,Texas,30.307182,-97.755996
ObjectId(5c894621e783f23ca09b4bba),113241787,YaMomzFavorite,285,532,16242,I Gotta Shine Im A CALI Kid,38.566592,-121.468632
ObjectId(5c894621e783f23ca09b4bc0),113263593,jwliang,69,38,522,"Chicago, IL",39.763908,-89.670832
ObjectId(5c894621e783f23ca09b4c0b),113522542,travney,29,26,4179,Northern California,38.566592,-121.468632
ObjectId(5c894621e783f23ca09b4c0c),11352322,crystaldarby,162,214,1495,"San Antonio, Texas",30.307182,-97.755996
ObjectId(5c894621e783f23ca09b4c12),113531473,ashley1187,22,19,214,"Ft. Worth, Texas",30.307182,-97.755996
ObjectId(5c894621e783f23ca09b4c1d),113561155,JessiVanessi,313,510,15807,New York (w/a sprinkle of AL),32.346251,-86.268593
ObjectId(5c894621e783f23ca09b4c33),113648271,marystata,260,101,440,"Washington, DC",47.041398,-122.896774
ObjectId(5c894621e783f23ca09b4c3b),113674200,lowemillarts,1,179,283,"Huntsville, AL",32.346251,-86.268593
ObjectId(5c894621e783f23ca09b4c51),113741817,colbertema,0,241,302,"Tuscumbia, AL",32.346251,-86.268593
ObjectId(5c894621e783f23ca09b4c5c),113781463,clayblesch,134,80,221,"Evansville, Indiana",39.776664,-86.145935
ObjectId(5c894621e783f23ca09b4c6b),113824029,SlickDelaFonte,535,279,4120,"DeLaDeLa , Texas",30.307182,-97.755996
ObjectId(5c894621e783f23ca09b4c6c),113829638,tiffannnyy,57,63,1996,"Oxnard, CA",38.566592,-121.468632
ObjectId(5c894621e783f23ca09b4c6e),113839036,10SoBlessed33,649,299,4668,"Austin, TX 78726",30.307182,-97.755996
ObjectId(5c894621e783f23ca09b4c9a),114013234,TexasNews4u,1230,1470,20895,Texas,30.307182,-97.755996
ObjectId(5c894621e783f23ca09b4cb7),114124512,womenhivworld,100,297,3441,"Oakland, CA",38.566592,-121.468632
ObjectId(5c894621e783f23ca09b4cb8),114129533,4EVRGINA,79,105,3710,"Davis, CA",38.566592,-121.468632
ObjectId(5c894621e783f23ca09b4cbd),114142738,heyloressa,101,120,3077,Dallas Texas baby,30.307182,-97.755996
ObjectId(5c894621e783f23ca09b4cd7),114232546,ThatTVBlogger,1493,736,9341,"San Diego Metro, CA",38.566592,-121.468632
ObjectId(5c894621e783f23ca09b4cda),114249294,GabiSzt,215,159,870,"Fort Worth, Texas",30.307182,-97.755996
ObjectId(5c894621e783f23ca09b4ce9),114312285,GardendaleFire,16,80,237,Gardendale Alabama,32.346251,-86.268593
ObjectId(5c894621e783f23ca09b4cef),114347093,Darrow21,132,51,719,"Lombard, IL",39.763908,-89.670832
ObjectId(5c894621e783f23ca09b4cf4),114356325,soundexperience,428,466,1291,"Puget Sound, Washington",47.041398,-122.896774
ObjectId(5c894621e783f23ca09b4cf8),114379671,StevviSerrano,187,147,6957,All over Texas. srly.,30.307182,-97.755996
ObjectId(5c894621e783f23ca09b4d36),114578430,EliDLSantos,30,46,1831,"Renton, Washington",47.041398,-122.896774
ObjectId(5c894621e783f23ca09b4d54),114632230,iNellyRose,552,827,15615,Texas.,30.307182,-97.755996
ObjectId(5c894621e783f23ca09b4d75),114756777,MySoulReflects,313,906,5672,Illinois,39.763908,-89.670832
ObjectId(5c894621e783f23ca09b4d77),114759516,cngazores,84,48,3151,san jose california,38.566592,-121.468632
ObjectId(5c894621e783f23ca09b4d88),114812031,BillyBarnet,191,42,720,"Austin, TX",30.307182,-97.755996
ObjectId(5c894621e783f23ca09b4db7),114949556,FutureSoundTV,506,494,11343,LOCATION: INTER STELLAR,39.776664,-86.145935
ObjectId(5c894621e783f23ca09b4db8),114950006,alli9626,84,28,253,indiana,39.776664,-86.145935
ObjectId(5c894621e783f23ca09b4dbe),114961824,bdsd,235,56,2582,"San Diego, CA",38.566592,-121.468632
ObjectId(5c894621e783f23ca09b4dc0),114964435,standrewshsv,32,26,461,"Madison, AL",32.346251,-86.268593
ObjectId(5c894621e783f23ca09b4dda),115089519,bellaandfrank,615,427,3201,"Sugar Land, Texas",30.307182,-97.755996
ObjectId(5c894621e783f23ca09b4de4),115127176,MzPRETTYclassy,207,275,7802,"Poppin CHAMPAIGN, Illinois",39.763908,-89.670832
ObjectId(5c894621e783f23ca09b4dee),115147362,MASEintheplace,2861,3865,1109,"encinitas, CA",38.566592,-121.468632
ObjectId(5c894621e783f23ca09b4df5),115160953,SherrieGG,648,581,15427,"Camarillo, CA",38.566592,-121.468632
ObjectId(5c894621e783f23ca09b4e02),115207930,RobCanales,58,21,437,"Alice, TX",30.307182,-97.755996
ObjectId(5c894621e783f23ca09b4e03),115208408,TheJRock,280,844,30131,"Crimson Tide,Alabama",32.346251,-86.268593
ObjectId(5c894621e783f23ca09b4e05),115216932,deborahannxxx,763,7217,17297,northern indiana,39.776664,-86.145935
ObjectId(5c894621e783f23ca09b4e07),115226194,CalNevaAspcom,1502,306,12283,"Inland Empire,California",38.566592,-121.468632
ObjectId(5c894621e783f23ca09b4e15),115269027,123DanaMarie,429,722,11115,"956, TX",30.307182,-97.755996
ObjectId(5c894621e783f23ca09b4e40),11542772,NAICUheadlines,102,1961,6482,"Washington, DC",47.041398,-122.896774
ObjectId(5c894621e783f23ca09b4e63),115541839,Juliethebully,218,238,3220,Texas,30.307182,-97.755996
ObjectId(5c894621e783f23ca09b4e6a),115556383,TresleyTerry,99,72,1423,"Lubbock, Texas",30.307182,-97.755996
ObjectId(5c894621e783f23ca09b4e75),115593372,jillianvasquez,535,280,838,"Seattle, WA",47.041398,-122.896774
ObjectId(5c894621e783f23ca09b4e7d),115617258,shaunllywyllyn,93,46,3134,"San Antonio, TX, USA",30.307182,-97.755996
ObjectId(5c894621e783f23ca09b4ea0),115736315,ToughCrowd,308,275,14644,ON MY WAY.,47.041398,-122.896774
ObjectId(5c894621e783f23ca09b4ea2),115737362,anthraxdadon,41,32,880,"laporte, IN",39.776664,-86.145935
ObjectId(5c894621e783f23ca09b4eb3),115764582,iSaySJ,224,127,1447,"San Jose, CA",38.566592,-121.468632
ObjectId(5c894621e783f23ca09b4eca),11584222,shyamkapur,2702,2501,31863,California,38.566592,-121.468632
ObjectId(5c894621e783f23ca09b4ecb),115850289,xLetsRunAway,497,96,1495,California ;D,38.566592,-121.468632
ObjectId(5c894621e783f23ca09b4ed4),115890751,timbuktoo,151,56,12938,California,38.566592,-121.468632
ObjectId(5c894621e783f23ca09b4f15),11609152,kristv,0,687,2326,"Corpus Christi, Texas",30.307182,-97.755996
ObjectId(5c894621e783f23ca09b4f29),116144537,CalvinBarber,96,91,354,Texas,30.307182,-97.755996
ObjectId(5c894621e783f23ca09b4f3d),116228943,EDizzle75,305,176,5379,"Birmingham, AL",32.346251,-86.268593
ObjectId(5c894621e783f23ca09b4f4e),116273367,LoveAlwaysRM,89,58,1978,"San Jose, California",38.566592,-121.468632
ObjectId(5c894621e783f23ca09b4f76),116366137,DLMomof3,717,352,1093,"Alameda County, CA",38.566592,-121.468632
ObjectId(5c894621e783f23ca09b4f7d),116387083,elephantlamp,6,173,68353,"Shermer, Illinois",39.763908,-89.670832
ObjectId(5c894621e783f23ca09b4f92),116460381,nerigarza,88,92,3585,TEXAS,30.307182,-97.755996
ObjectId(5c894621e783f23ca09b4f9a),116510356,MedCenterMazda,0,7,49,"Pelham, AL",32.346251,-86.268593
ObjectId(5c894621e783f23ca09b4f9b),116511995,naomieportice,97,94,209,"Anderson, IN",39.776664,-86.145935
ObjectId(5c894621e783f23ca09b4f9d),116519736,wtwonews,37,380,2246,"Terre Haute, IN",39.776664,-86.145935
ObjectId(5c894621e783f23ca09b4fa0),116523888,Valientpatriot,1250,834,906,"Huntsville, AL",32.346251,-86.268593
ObjectId(5c894621e783f23ca09b4fa1),116530530,TakeYoHoe,275,900,11142,Houston Texas,30.307182,-97.755996
ObjectId(5c894621e783f23ca09b4fa6),116539177,tkimberly,30,18,352,"Tacoma, WA",47.041398,-122.896774
ObjectId(5c894621e783f23ca09b4fb5),116585906,kknight58,3448,3683,62555,california,38.566592,-121.468632
ObjectId(5c894621e783f23ca09b4fe4),116780463,SwutBrah,46,71,516,"Bloomington, IN",39.776664,-86.145935
ObjectId(5c894621e783f23ca09b4fe7),116790220,BCrumes,56,56,1016,"Muncie, Indiana",39.776664,-86.145935
ObjectId(5c894621e783f23ca09b4fed),116814637,cakesnap,37,32,2179,"Austin, TX",30.307182,-97.755996
ObjectId(5c894621e783f23ca09b5009),116892798,QuiseeMarie,327,387,4426,Illinois,39.763908,-89.670832
ObjectId(5c894621e783f23ca09b500c),116901460,CottonUSA,165,52,260,"Houston, Texas",30.307182,-97.755996
ObjectId(5c894621e783f23ca09b5020),116975907,tmjilintern,205,246,67,Illinois,39.763908,-89.670832
ObjectId(5c894621e783f23ca09b5021),116976019,tmjinintern,200,208,8,Indiana,39.776664,-86.145935
ObjectId(5c894621e783f23ca09b5025),116979447,mikefolden,186,247,2122,"Seattle, WA",47.041398,-122.896774
ObjectId(5c894621e783f23ca09b506f),117221177,tomlinbrittany,97,202,8610,"ONTARIO, CANADA",38.566592,-121.468632
ObjectId(5c894621e783f23ca09b5070),117223609,sullivanrepair,27,217,6971,"Burlington, WA",47.041398,-122.896774
ObjectId(5c894621e783f23ca09b508f),117322932,TheGreatestLady,141,256,15970,"Dallas, TX/ Manhattan, KS",30.307182,-97.755996
ObjectId(5c894621e783f23ca09b5093),117335994,AboutMagicians,159,102,297,"Sacramento, CA",38.566592,-121.468632
ObjectId(5c894621e783f23ca09b5095),117340424,kentanae,157,130,1677,"Bham/Huntsville, AL",32.346251,-86.268593
ObjectId(5c894621e783f23ca09b509a),117357189,coyotama,57,51,1522,"Garland, Texas, United States",30.307182,-97.755996
ObjectId(5c894621e783f23ca09b50c3),117519168,sillyskrod,86,127,3925,"Montrose Houston, TX",30.307182,-97.755996
ObjectId(5c894621e783f23ca09b50d9),117581620,phillip320,60,50,1331,"Bethalto, IL",39.763908,-89.670832
ObjectId(5c894621e783f23ca09b50e5),117609312,trumdog1,17,13,528,"Paxton, IL",39.763908,-89.670832
ObjectId(5c894621e783f23ca09b50fa),117660856,JIHADALKABEER,198,47,631,"Jennah AL Aziz, Inshallah",32.346251,-86.268593
ObjectId(5c894621e783f23ca09b5101),11766852,isaacbob,149,99,1477,"West Lafayette, IN",39.776664,-86.145935
ObjectId(5c894621e783f23ca09b5103),117673511,ProgresivTeachr,319,374,2684,"Long Beach, CA",38.566592,-121.468632
ObjectId(5c894621e783f23ca09b5106),117686766,andikeptwalking,366,212,7336,"West Lafayette, IN, USA",39.776664,-86.145935
ObjectId(5c894621e783f23ca09b5121),117788128,SweetTeashia,246,251,8933,ATLANTA I CUD DO THIS ALL DAY,32.346251,-86.268593
ObjectId(5c894621e783f23ca09b5125),117796735,SweepTight,11625,12735,3041,Illinois,39.763908,-89.670832
ObjectId(5c894621e783f23ca09b512a),117810936,BraggBobby,565,199,2489,"Tuscaloosa, AL",32.346251,-86.268593
ObjectId(5c894621e783f23ca09b513a),117866393,tmjILskltrd,7,65,28,Illinois,39.763908,-89.670832
ObjectId(5c894621e783f23ca09b513b),117866627,tmjILLABOR,5,144,66,Illinois,39.763908,-89.670832
ObjectId(5c894621e783f23ca09b5142),117877995,MizMoonieNiyHon,2001,1046,567,maryland fort washington,47.041398,-122.896774
ObjectId(5c894621e783f23ca09b5150),117936741,mariamarz,256,240,1934,"Chicago, IL, USA",39.763908,-89.670832
ObjectId(5c894621e783f23ca09b5164),118009908,Dyxann,175,116,2778,"Bandarlampung, Lampung, INA",39.776664,-86.145935
ObjectId(5c894621e783f23ca09b5166),118015827,AdamKOL,662,599,10793,"Washington, D.C.",47.041398,-122.896774
ObjectId(5c894621e783f23ca09b5176),118101361,Bigdog27215,235,49,981,"Joliet, IL, USA",39.763908,-89.670832
ObjectId(5c894621e783f23ca09b517f),118131413,AyyYoFern,90,167,12222,"Modesto, California.",38.566592,-121.468632
ObjectId(5c894621e783f23ca09b5181),118153399,FUCKHIMTWICE,1001,1132,10869,"Chicago, IL",39.763908,-89.670832
ObjectId(5c894621e783f23ca09b518c),118190794,WashCoScanner,558,558,8191,Washington County Oregon,47.041398,-122.896774
ObjectId(5c894621e783f23ca09b5193),118218929,LandoLaLa,55,47,1443,Fresno California,38.566592,-121.468632
ObjectId(5c894621e783f23ca09b5198),118237085,tamerski,119,121,3783,"Seattle, WA",47.041398,-122.896774
ObjectId(5c894621e783f23ca09b519d),118252884,tmjINLABOR,4,130,13,Indiana,39.776664,-86.145935
ObjectId(5c894621e783f23ca09b51a2),118264070,SanBrunoCal,412,412,6618,"San Bruno, CA",38.566592,-121.468632
ObjectId(5c894621e783f23ca09b51a3),118267199,DigitaSocialite,1052,145,795,"Irvine, CA",38.566592,-121.468632
ObjectId(5c894621e783f23ca09b51a8),118273594,EMILYlovesBIEBS,126,93,2814,California; the no,38.566592,-121.468632
ObjectId(5c894621e783f23ca09b51ca),118397222,MrLane334,408,426,6959,"Hope Hull, alabama",32.346251,-86.268593
ObjectId(5c894621e783f23ca09b51d8),118425728,thetvnet,2384,2890,101599,California,38.566592,-121.468632
ObjectId(5c894621e783f23ca09b51e3),118461955,midwestbreh,412,211,2483,"Swaglessville, IL",39.763908,-89.670832
ObjectId(5c894621e783f23ca09b51e6),118467133,Millz0708,128,133,1793,"Washington, DC",47.041398,-122.896774
ObjectId(5c894621e783f23ca09b51f1),118509968,SarahEnni,666,455,6697,"Washington, D.C.",47.041398,-122.896774
ObjectId(5c894621e783f23ca09b51f6),118523209,RoosterTF,398,409,4217,"Sunnyvale, CA",38.566592,-121.468632
ObjectId(5c894621e783f23ca09b51fe),118551470,StylesRout,55,251,1556,California,38.566592,-121.468632
ObjectId(5c894621e783f23ca09b521d),11859822,WorldVisionUSA,14612,20049,8216,"HQ in Federal Way, WA",47.041398,-122.896774
ObjectId(5c894621e783f23ca09b5220),118607237,estherchoiii,17,3,127,"L.A, California",38.566592,-121.468632
ObjectId(5c894621e783f23ca09b5221),118608746,WhitWTnBelle,76,20,483,"DuQuoin, IL",39.763908,-89.670832
ObjectId(5c894621e783f23ca09b523f),118725231,LucasWiseman,128,317,940,"Arlington, Texas",30.307182,-97.755996
ObjectId(5c894621e783f23ca09b5245),118749164,zumbawithdiane,873,861,4823,Southern California,38.566592,-121.468632
ObjectId(5c894621e783f23ca09b525d),118828021,discovercivwar,15,1212,1556,"Washington, DC",47.041398,-122.896774
ObjectId(5c894621e783f23ca09b5261),118836367,midlandheadline,620,501,7377,"Midland, Texas",30.307182,-97.755996
ObjectId(5c894621e783f23ca09b5278),118914840,tmjILsecure,214,198,24,Illinois,39.763908,-89.670832
ObjectId(5c894621e783f23ca09b527d),118924917,ingridromero1,65,174,487,"Los Angeles, California",38.566592,-121.468632
ObjectId(5c894621e783f23ca09b5290),118957289,jeanettedoswell,163,136,1593,Southern California,38.566592,-121.468632
ObjectId(5c894621e783f23ca09b5296),118977186,tlorenzo2,486,458,25269,"Htown,Texas",30.307182,-97.755996
ObjectId(5c894621e783f23ca09b52af),119091430,BullsFanZone,3571,3553,7987,Chicago IL USA,39.763908,-89.670832
ObjectId(5c894621e783f23ca09b52b4),119107508,TGuddaTrill,347,409,11641,"Port Arthur/PVAMU, Texas",30.307182,-97.755996
ObjectId(5c894621e783f23ca09b52b7),119112917,bassbride,31,17,12,"Tuscaloosa, AL",32.346251,-86.268593
ObjectId(5c894621e783f23ca09b52c2),119146634,RARSotS,63,11,527,middle of nowhere Alabama,32.346251,-86.268593
ObjectId(5c894621e783f23ca09b52c9),119156362,RayEden22,221,490,10076,Indiana,39.776664,-86.145935
ObjectId(5c894621e783f23ca09b52cd),119180542,WillSayWatEva,789,1056,26429,"Hiram Clarke, TX",30.307182,-97.755996
ObjectId(5c894621e783f23ca09b52e1),119270102,tmjINDskltrd,6,55,10,"Indianapolis, IN",39.776664,-86.145935
ObjectId(5c894621e783f23ca09b52e2),119271934,Action10News,28,196,1534,"Corpus Christi, TX",30.307182,-97.755996
ObjectId(5c894621e783f23ca09b52ee),11930902,avcr8teur,174,150,479,"Silicon Valley, CA",38.566592,-121.468632
ObjectId(5c894621e783f23ca09b5302),119411063,AlexhGrunstein,165,128,395,"Austin, TX",30.307182,-97.755996
ObjectId(5c894621e783f23ca09b530a),119446688,kingkevinm,612,117,149,"Seattle, WA",47.041398,-122.896774
ObjectId(5c894621e783f23ca09b5311),119455351,IfIGetAIDSfukIt,772,1151,22467,"Indianapolis, IN",39.776664,-86.145935
ObjectId(5c894621e783f23ca09b531a),119481550,emilybrown2010,52,24,1332,"San Francisco, CA",38.566592,-121.468632
ObjectId(5c894621e783f23ca09b531f),119489211,wrytersblockDH,395,265,4322,"On the web, mostly in Texas",30.307182,-97.755996
ObjectId(5c894621e783f23ca09b532c),119529302,CalabasasPatch,1636,651,1603,"Calabasas, CA",38.566592,-121.468632
ObjectId(5c894621e783f23ca09b532d),119532607,kyleREGAL,14,3285,698,"Kemp, TX",30.307182,-97.755996
ObjectId(5c894621e783f23ca09b5333),119549130,MoneRandomAss,206,133,4960,"Chicago, IL, USA",39.763908,-89.670832
ObjectId(5c894621e783f23ca09b533c),119594132,NathanM777,124,93,16052,"Muncie, IN",39.776664,-86.145935
ObjectId(5c894621e783f23ca09b5367),119770729,derekdaniel82,115,66,428,"DFW, Texas",30.307182,-97.755996
ObjectId(5c894621e783f23ca09b536a),119792024,giseldaLR,18,14,8,"Houston, TX",30.307182,-97.755996
ObjectId(5c894621e783f23ca09b53a3),120004400,MissE23,131,154,7599,Houston Texas,30.307182,-97.755996
ObjectId(5c894621e783f23ca09b53b2),120099142,ShtUpBtchFollow,454,1233,39722,"On Your TL , TX",30.307182,-97.755996
ObjectId(5c894621e783f23ca09b53c2),120156881,JeffAdairFilms,499,679,2875,"Dallas, TX",30.307182,-97.755996
ObjectId(5c894621e783f23ca09b53cc),120199359,InstantKClassic,198,134,4431,"Sacramento, CA",38.566592,-121.468632
ObjectId(5c894621e783f23ca09b53d5),120265773,kimk101,2940,3856,109103,California,38.566592,-121.468632
ObjectId(5c894621e783f23ca09b53d6),120265849,theSophiaJade,180,926,811,"Los Angeles, CA",38.566592,-121.468632
ObjectId(5c894621e783f23ca09b53d7),120271192,TheDragon71,61,38,1019,Indiana,39.776664,-86.145935
ObjectId(5c894621e783f23ca09b53df),120293816,UhhNoel,178,74,283,Indiana.,39.776664,-86.145935
ObjectId(5c894621e783f23ca09b53e0),120295653,ShelbyJohnson10,179,598,21119,"Tyler, Texas",30.307182,-97.755996
ObjectId(5c894621e783f23ca09b53ea),120348294,PRETTY305WINGS,53,51,380,Illinois,39.763908,-89.670832
ObjectId(5c894621e783f23ca09b53f8),120437996,NadiGirlWorld,267,238,7318,Alabama,32.346251,-86.268593
ObjectId(5c894621e783f23ca09b5402),120482448,LiketheRiver,195,118,2793,Indianapolis,39.776664,-86.145935
ObjectId(5c894621e783f23ca09b5407),120504806,ThePoliceNews,36,172,2882,Galveston / Houston Texas,30.307182,-97.755996
ObjectId(5c894621e783f23ca09b5423),120602774,sheynnababy,43,194,7038,"San Antonio, Texas",30.307182,-97.755996
ObjectId(5c894621e783f23ca09b5427),120617934,Netzger,300,92,1663,"Tracy, CA",38.566592,-121.468632
ObjectId(5c894621e783f23ca09b544d),120710464,MCreviews,70,52,1435,soCALIFORNIA,38.566592,-121.468632
ObjectId(5c894621e783f23ca09b5462),120791627,writetransjobs,688,861,8379,California,38.566592,-121.468632
ObjectId(5c894621e783f23ca09b547d),12086882,chrisvannoy,306,461,5736,"Indianapolis, IN",39.776664,-86.145935
ObjectId(5c894621e783f23ca09b54b0),121070203,DPriessnitz,27,3,224,Texas,30.307182,-97.755996
ObjectId(5c894621e783f23ca09b54bb),121133164,APSbham,429,347,634,"Birmingham, Alabama",32.346251,-86.268593
ObjectId(5c894621e783f23ca09b54c3),121153045,JontheImpaler,21,12,88,Indiana,39.776664,-86.145935
ObjectId(5c894621e783f23ca09b54d6),121218625,fafinetteXO,161,92,4080,Don t mess with Texas!,30.307182,-97.755996
ObjectId(5c894621e783f23ca09b54dd),121235342,mcmath2011,46,46,516,Enterprise Alabama,32.346251,-86.268593
ObjectId(5c894621e783f23ca09b54ec),121276778,redeyephotogs,162,311,187,"Silverlake, CA",38.566592,-121.468632
ObjectId(5c894621e783f23ca09b54f0),121289801,MegaSoundwave76,33,15,252,"Bay Area, CA",38.566592,-121.468632
ObjectId(5c894621e783f23ca09b54f5),121319150,ROSIEFLASH,118,476,49942,"BAYby, CLiCK CLACK CALiFORNiA",38.566592,-121.468632
ObjectId(5c894621e783f23ca09b5515),121477364,DavidPStrahan,97,90,767,Alabama,32.346251,-86.268593
ObjectId(5c894621e783f23ca09b552a),121585486,karikt,41,36,680,San Antonio TX,30.307182,-97.755996
ObjectId(5c894621e783f23ca09b5531),121634103,BrandonLuce,114,43,523,Texas,30.307182,-97.755996
ObjectId(5c894621e783f23ca09b5532),121637516,tardistavern,395,415,4320,"Austin, Texas",30.307182,-97.755996
ObjectId(5c894621e783f23ca09b553b),121667096,OCcriminallaw,396,291,1522,"Orange County, California",38.566592,-121.468632
ObjectId(5c894621e783f23ca09b553e),121673622,SamiiMayy,56,63,3574,California,38.566592,-121.468632
ObjectId(5c894621e783f23ca09b5541),121684769,MrColgate,284,272,5599,"Los Angeles, California",38.566592,-121.468632
ObjectId(5c894621e783f23ca09b555c),121807620,BNF714,91,31,776,"Newport Beach, CA",38.566592,-121.468632
ObjectId(5c894621e783f23ca09b5566),121873005,Tristo2014,182,86,1551,"Houston, TX",30.307182,-97.755996
ObjectId(5c894621e783f23ca09b556c),121896737,wsnaish,175,36,322,"Tuscaloosa, Alabama",32.346251,-86.268593
ObjectId(5c894621e783f23ca09b5570),121912699,KennethTurnerJr,355,90,1907,ricland washington,47.041398,-122.896774
ObjectId(5c894621e783f23ca09b5582),121953999,GoodColAngus,647,155,2606,"Nowhere, Indiana",39.776664,-86.145935
ObjectId(5c894621e783f23ca09b558f),12199152,TheRecruiterGuy,516,7334,11295,"Dallas, TX",30.307182,-97.755996
ObjectId(5c894621e783f23ca09b5590),121993020,SimplyNoNi,926,1012,26491,"Houston, Texas",30.307182,-97.755996
ObjectId(5c894621e783f23ca09b55b1),122107537,kayloBdaShytt,269,349,9078,"NO GOOD, Texas",30.307182,-97.755996
ObjectId(5c894621e783f23ca09b55b7),122115674,Tbag1986,25,14,1118,"Houston, Texas",30.307182,-97.755996
ObjectId(5c894621e783f23ca09b55c3),1221471,shashib,13233,13701,53684,"Washington DC , MD , VA , USA",47.041398,-122.896774
ObjectId(5c894621e783f23ca09b55e6),122235418,AlabamaPlaces,104,447,4813,"Montgomery, AL",32.346251,-86.268593
ObjectId(5c894621e783f23ca09b55f8),122289244,PlacesCA,989,3166,52873,"Sacramento, CA",38.566592,-121.468632
ObjectId(5c894621e783f23ca09b55fb),122298865,PatriciaRaye,161,40,708,"Pacific Grove, CA",38.566592,-121.468632
ObjectId(5c894621e783f23ca09b562d),122484465,KelleyRachelle,131,98,9237,Alabama,32.346251,-86.268593
ObjectId(5c894621e783f23ca09b562e),122491660,todubres,36,43,1019,texas boy,30.307182,-97.755996
ObjectId(5c894621e783f23ca09b5639),122563660,TheRainbowUhaul,388,424,34480,Eastern Washington,47.041398,-122.896774
ObjectId(5c894621e783f23ca09b5650),12263542,MattZeitlin,477,530,6855,"Evanston, Illinois",39.763908,-89.670832
ObjectId(5c894621e783f23ca09b566b),122742577,SaveSpend,1051,1206,52324,Indiana,39.776664,-86.145935
ObjectId(5c894621e783f23ca09b5673),122762144,SophisicatedLaD,217,252,9746,Illinois,39.763908,-89.670832
ObjectId(5c894621e783f23ca09b567a),12276932,bethshanna,1302,1184,8749,"Washington, DC",47.041398,-122.896774
ObjectId(5c894621e783f23ca09b5682),122799865,BrknSdwlkFrm,29,107,3027,"Bertram, Texas",30.307182,-97.755996
ObjectId(5c894621e783f23ca09b568a),122833546,FcknTraci,55,60,2594,California Bay Area,38.566592,-121.468632
ObjectId(5c894621e783f23ca09b568e),12283642,bmikol,275,90,1225,"San Francisco, CA",38.566592,-121.468632
ObjectId(5c894621e783f23ca09b569b),122879117,bapatrick105,107,100,297,Indianapolis,39.776664,-86.145935
ObjectId(5c894621e783f23ca09b56ae),122961004,slimmioski,464,191,45051,HOUSTON TX,30.307182,-97.755996
ObjectId(5c894621e783f23ca09b56c7),123044461,DboiySwagg,70,15,581,"Lost Angeles, CA",38.566592,-121.468632
ObjectId(5c894621e783f23ca09b56db),123099800,ChelseaHeathh,50,338,2165,"Los Angeles, CA",38.566592,-121.468632
ObjectId(5c894621e783f23ca09b56e2),123132933,JohannaReagan,369,129,1825,"Dallas, TX",30.307182,-97.755996
ObjectId(5c894621e783f23ca09b56e6),123144103,HerAcousticMind,359,387,17996,"Mobile to Huntsville, AL",32.346251,-86.268593
ObjectId(5c894621e783f23ca09b56e8),123157926,ONEMODERNMADMAN,24,17,151,"San Jose, California",38.566592,-121.468632
ObjectId(5c894621e783f23ca09b56f1),123171132,belmontnews,164,270,8724,"Belmont, CA",38.566592,-121.468632
ObjectId(5c894621e783f23ca09b570b),123264910,ainimarina,48,40,152,"Champaign, IL",39.763908,-89.670832
ObjectId(5c894621e783f23ca09b5722),12332052,StyxMaker,536,406,7731,"Stockton, CA, USA",38.566592,-121.468632
ObjectId(5c894621e783f23ca09b5746),123422460,Audiocalisttm,124,457,22572,running california!,38.566592,-121.468632
ObjectId(5c894621e783f23ca09b5747),123422737,DaddyyB,86,84,1285,"Lancaster, CA",38.566592,-121.468632
ObjectId(5c894621e783f23ca09b574a),123427999,NS,231,165,9694,"San Mateo, CA",38.566592,-121.468632
ObjectId(5c894621e783f23ca09b574e),123433149,MoodyNBipolar,193,226,17973,"Tuskegee, AL/West Philly",32.346251,-86.268593
ObjectId(5c894621e783f23ca09b5753),123448527,Drakeycakes,205,101,1269,"Auburn, AL",32.346251,-86.268593
ObjectId(5c894621e783f23ca09b575d),123459178,gleefulmalice,28,42,1262,Body:California Heart:New York,38.566592,-121.468632
ObjectId(5c894621e783f23ca09b5768),123493884,ElisaMaria,48,48,2411,Texas :),30.307182,-97.755996
ObjectId(5c894621e783f23ca09b5776),123565094,HoustonRedCross,51,286,440,"Houston, TX",30.307182,-97.755996
ObjectId(5c894621e783f23ca09b5792),123639840,ETorch03,67,84,5671,"Chicago, IL",39.763908,-89.670832
ObjectId(5c894621e783f23ca09b5794),123641227,SouthHSV,3,24,41,"Huntsville, AL",32.346251,-86.268593
ObjectId(5c894621e783f23ca09b579e),123683486,Basswad,26,32,669,"Huntsville, Decatur; AL",32.346251,-86.268593
ObjectId(5c894621e783f23ca09b57ae),123729481,kljohnson24,154,105,1371,"Washington, D.C.",47.041398,-122.896774
ObjectId(5c894621e783f23ca09b57b2),123731462,50WomenProject,144,166,406,"San Francisco, CA",38.566592,-121.468632
ObjectId(5c894621e783f23ca09b57e0),123887042,MrStandfill,20,6,319,"Concord, CA, USA",38.566592,-121.468632
ObjectId(5c894621e783f23ca09b57fd),123968068,jbrowne53,66,593,604,southern california,38.566592,-121.468632
ObjectId(5c894621e783f23ca09b5800),123972479,ObviousBeauti,185,190,4296,BTW ALABAMA&FLORIDA,32.346251,-86.268593
ObjectId(5c894621e783f23ca09b5809),124000021,MediaSharer,549,70,833,"Twin Peaks, CA",38.566592,-121.468632
ObjectId(5c894621e783f23ca09b5816),124035860,KMRuiz,69,79,1278,"California, USA",38.566592,-121.468632
ObjectId(5c894621e783f23ca09b5817),124049344,herrodanielle,70,8,246,Oregon/Washington,47.041398,-122.896774
ObjectId(5c894621e783f23ca09b5818),124058495,WilPerdanaPe,181,178,5379,"Los Angeles, CA",38.566592,-121.468632
ObjectId(5c894621e783f23ca09b582b),124112011,moonthings,606,218,424,"Los Angeles, CA",38.566592,-121.468632
ObjectId(5c894621e783f23ca09b5836),124132511,EnBlytheOpedia,265,90,953,"Indiana, USA",39.776664,-86.145935
ObjectId(5c894621e783f23ca09b584a),124214463,Brookjbravo,204,627,1889,"Long Beach, CA",38.566592,-121.468632
ObjectId(5c894621e783f23ca09b584b),124218625,KBieberBurnham,239,52,9552,Big TEXAS!,30.307182,-97.755996
ObjectId(5c894621e783f23ca09b584c),124219796,SalukiGACoach,235,243,2174,"Carbondale, IL",39.763908,-89.670832
ObjectId(5c894621e783f23ca09b5855),124248551,CosmoFurthur,185,49,3141,"Chicago, IL",39.763908,-89.670832
ObjectId(5c894621e783f23ca09b5857),124257895,tonyg381,690,195,477,Houston TX,30.307182,-97.755996
ObjectId(5c894621e783f23ca09b5864),124287198,Gigi55109,129,29,622,san antonio texas,30.307182,-97.755996
ObjectId(5c894621e783f23ca09b5866),124294630,chandatemple,217,201,455,"Birmingham, AL",32.346251,-86.268593
ObjectId(5c894621e783f23ca09b5867),124296790,kenkencocoa,248,249,6235,"Acres Home, Texas",30.307182,-97.755996
ObjectId(5c894621e783f23ca09b5887),124370455,AllDatJuice,35,51,3757,"San Antonio, TX",30.307182,-97.755996
ObjectId(5c894621e783f23ca09b5896),12442612,inquarters14,915,1567,38164,"Burbank, CA, USA",38.566592,-121.468632
ObjectId(5c894621e783f23ca09b58ab),124493413,jessicaawai,89,340,9020,"Los Angeles, California",38.566592,-121.468632
ObjectId(5c894621e783f23ca09b58cf),124597232,jenjendoitagain,120,77,590,"San Jose, CA",38.566592,-121.468632
ObjectId(5c894621e783f23ca09b58d7),124621385,NoHeadline,201,93,2579,California,38.566592,-121.468632
ObjectId(5c894621e783f23ca09b58dc),124634209,karinasaenz,73,40,954,"Bellflower, CA, USA",38.566592,-121.468632
ObjectId(5c894621e783f23ca09b58de),124649008,temeculanews,399,711,4990,Temecula CA,38.566592,-121.468632
ObjectId(5c894621e783f23ca09b5904),124822718,pqboyzent,734,830,8572,Everett Washington,47.041398,-122.896774
ObjectId(5c894621e783f23ca09b5908),124838374,jandlray,54,12,121,"Avon, IN",39.776664,-86.145935
ObjectId(5c894621e783f23ca09b590b),124849942,tatianavee,171,199,25060,"Houston, Texas",30.307182,-97.755996
ObjectId(5c894621e783f23ca09b5911),124873349,LouAlways100,132,138,977,"Compton CA,  Lake Charles, LA",38.566592,-121.468632
ObjectId(5c894621e783f23ca09b5928),124943912,HausofJen,1869,1851,2461,Washington,47.041398,-122.896774
ObjectId(5c894621e783f23ca09b592f),124966102,barbieeDGAF,218,212,5895,Texas Kinda Girl,30.307182,-97.755996
ObjectId(5c894621e783f23ca09b594c),125090246,FuckYeahByLa,796,212,4003,Texas Kemaman,30.307182,-97.755996
ObjectId(5c894621e783f23ca09b594d),12509112,dulcenea,90,213,3974,"Austin, TX",30.307182,-97.755996
ObjectId(5c894621e783f23ca09b5953),125098560,ASingleSecond,76,24,70,Sacramento CA,38.566592,-121.468632
ObjectId(5c894621e783f23ca09b595d),125148504,DomainsU,1056,453,637,"Twin Peaks, CA",38.566592,-121.468632
ObjectId(5c894621e783f23ca09b5961),125159991,BigHomie4real,410,4015,9968,"Michigan, Ohio, and Texas",30.307182,-97.755996
ObjectId(5c894621e783f23ca09b5962),125162624,VolumeMack,209,163,591,"Indianapolis, Indiana",39.776664,-86.145935
ObjectId(5c894621e783f23ca09b5967),125172347,QueenaSJ,424,461,42660,"Birmingham, AL, USA",32.346251,-86.268593
ObjectId(5c894621e783f23ca09b596b),125180018,ElJimboSlice,263,89,1669,"A Whale s Vagina, CA",38.566592,-121.468632
ObjectId(5c894621e783f23ca09b596d),125180704,thgardener,1494,1689,28920,Eastern Washington,47.041398,-122.896774
ObjectId(5c894621e783f23ca09b5978),125197650,SPik,349,229,1523,"Sherman Oaks, CA",38.566592,-121.468632
ObjectId(5c894621e783f23ca09b597b),125200645,danielavega30,114,113,4218,"Austin, TX",30.307182,-97.755996
ObjectId(5c894621e783f23ca09b5990),12524602,RomanOtter,82,92,2859,"East, East Bay, California",38.566592,-121.468632
ObjectId(5c894621e783f23ca09b5992),125256096,LeAndreHunter,321,434,15768,"Long Beach/Los Angeles, CA",38.566592,-121.468632
ObjectId(5c894621e783f23ca09b59a3),125313971,jaredcaellis,115,272,2010,"Dallas, TX",30.307182,-97.755996
ObjectId(5c894621e783f23ca09b59e1),125529619,pantalonesfuego,87,103,2941,"Cloverdale, CA",38.566592,-121.468632
ObjectId(5c894621e783f23ca09b59e4),125532080,rimamisurata,134,413,6363,California,38.566592,-121.468632
ObjectId(5c894621e783f23ca09b59f7),125584836,LoveHappyHour,818,802,935,California,38.566592,-121.468632
ObjectId(5c894621e783f23ca09b5a02),125608436,MAGNUMWRESTLING,104,212,714,Iowa/California,38.566592,-121.468632
ObjectId(5c894621e783f23ca09b5a36),125767889,WaningWoman,157,235,3645,"Vertical Sleeve, VSG, TX",30.307182,-97.755996
ObjectId(5c894621e783f23ca09b5a3e),125791305,melephant19,121,30,333,TEXAS,30.307182,-97.755996
ObjectId(5c894621e783f23ca09b5a4f),125824042,wandawoman,319,267,4505,"SoufSide Houston, Texas",30.307182,-97.755996
ObjectId(5c894621e783f23ca09b5a88),125995600,caytielangford,504,265,407,Dallas TX,30.307182,-97.755996
ObjectId(5c894621e783f23ca09b5a8b),12601702,matthewatkins,80,83,892,"Monticello, IL",39.763908,-89.670832
ObjectId(5c894621e783f23ca09b5a9b),126087990,Swedishjerkface,79,10,15,Owwstin!! Texas,30.307182,-97.755996
ObjectId(5c894621e783f23ca09b5aa0),126104714,LeighAnderson13,163,138,922,"Tuscaloosa, AL",32.346251,-86.268593
ObjectId(5c894621e783f23ca09b5aa2),126106518,itskaceybitchh,271,219,2937,"Austin, TX",30.307182,-97.755996
ObjectId(5c894621e783f23ca09b5ab4),126143876,TjtheOrca,973,540,514,"Washington, DC",47.041398,-122.896774
ObjectId(5c894621e783f23ca09b5ab9),126163920,isislaz,606,487,31494,East TX TYLien,30.307182,-97.755996
ObjectId(5c894621e783f23ca09b5abc),126169702,LtheCollegeKid,146,169,8336,"California, Mission Hills",38.566592,-121.468632
ObjectId(5c894621e783f23ca09b5ac1),126184953,707Catseye,383,449,10194,Clearlake Lake Cnty California,38.566592,-121.468632
ObjectId(5c894621e783f23ca09b5ac8),12619862,mattlopez,1108,385,8841,"Brentwood, CA",38.566592,-121.468632
ObjectId(5c894621e783f23ca09b5acd),126243424,dmill1010,223,102,1116,"Tuscaloosa, AL",32.346251,-86.268593
ObjectId(5c894621e783f23ca09b5aee),126355395,bestXtrappa,164,736,18679,Illinois,39.763908,-89.670832
ObjectId(5c894621e783f23ca09b5af3),126363948,lisalite10,1146,1016,3460,"San Francisco, CA",38.566592,-121.468632
ObjectId(5c894621e783f23ca09b5b07),126434981,ChiefiAm,280,331,6829,"Tomahawk, CA",38.566592,-121.468632
ObjectId(5c894621e783f23ca09b5b0b),126441090,DerekDye,193,162,790,"Chambana/Moline, IL",39.763908,-89.670832
ObjectId(5c894621e783f23ca09b5b18),126474547,LiveLoveNIKKI,229,297,12865," California Dreaming",38.566592,-121.468632
ObjectId(5c894621e783f23ca09b5b1a),126487435,jamiejones,206,183,859,"Norman, OK/ McKinney, TX",30.307182,-97.755996
ObjectId(5c894621e783f23ca09b5b57),126692072,megfizer,148,319,15254,"Muncie, IN",39.776664,-86.145935
ObjectId(5c894621e783f23ca09b5b6b),12673222,93wibc,4836,5214,15930,Indianapolis,39.776664,-86.145935
ObjectId(5c894621e783f23ca09b5b70),126738823,crazylinh,39,13,69,"San Jose, CA",38.566592,-121.468632
ObjectId(5c894621e783f23ca09b5b71),126739221,illNesse,107,114,5956,"The Bay Area, NorCal, CA",38.566592,-121.468632
ObjectId(5c894621e783f23ca09b5bcc),12706202,getsocialpr,1082,1384,2918,Indiana,39.776664,-86.145935
ObjectId(5c894621e783f23ca09b5c14),127314803,MACattack13,240,367,27186,A ALL DAY; MD,32.346251,-86.268593
ObjectId(5c894621e783f23ca09b5c1d),127339862,naperbuzz,0,206,4730,"Naperville, IL",39.763908,-89.670832
ObjectId(5c894621e783f23ca09b5c21),127354251,KyleMundell,72,51,802,"Kokomo, IN",39.776664,-86.145935
ObjectId(5c894621e783f23ca09b5c23),127359848,suzeequ,760,481,16509,Eastern Washington,47.041398,-122.896774
ObjectId(5c894621e783f23ca09b5c25),127362045,AbeMax518,271,191,1797,All over Alabama!!,32.346251,-86.268593
ObjectId(5c894621e783f23ca09b5c29),127368490,jaba31564,85,811,11969,Texas,30.307182,-97.755996
ObjectId(5c894621e783f23ca09b5c66),12759992,joshmiles,1204,1334,2397,"Indianapolis, IN",39.776664,-86.145935
ObjectId(5c894621e783f23ca09b5c6b),127617358,HotDealsYO,2032,1847,16253,"Covington, WA",47.041398,-122.896774
ObjectId(5c894621e783f23ca09b5c6d),127617846,BlueWorldMatt,1136,674,1043,"Chicago, IL",39.763908,-89.670832
ObjectId(5c894621e783f23ca09b5c72),127638998,KidsLifeMag,38,58,394,"Tuscaloosa, Alabama",32.346251,-86.268593
ObjectId(5c894621e783f23ca09b5c80),127683650,MuggleKristen,64,60,1732,Texas,30.307182,-97.755996
ObjectId(5c894621e783f23ca09b5c86),127692381,bloomhairsalon,2001,1713,5306,"Grass Valley,California",38.566592,-121.468632
ObjectId(5c894621e783f23ca09b5c8a),127698760,traviswtaylor,53,24,237,"Denton, Texas",30.307182,-97.755996
ObjectId(5c894621e783f23ca09b5c8d),127710069,yolandadutchess,130,88,129,WHERE YOUR BITCH WANT TO BE...,47.041398,-122.896774
ObjectId(5c894621e783f23ca09b5c9b),127744283,mrquacker,51,42,1581,"Santa Cruz, CA",38.566592,-121.468632
ObjectId(5c894621e783f23ca09b5ca0),12775632,martco,207,230,2855,"Chicago, IL",39.763908,-89.670832
ObjectId(5c894621e783f23ca09b5ca2),127762419,stacibbrooks,158,183,5258,"Birmingham, Alabama",32.346251,-86.268593
ObjectId(5c894621e783f23ca09b5cb1),127811485,JasonJ2688,70,44,308,"West Lafayette, IN",39.776664,-86.145935
ObjectId(5c894621e783f23ca09b5cb7),127837643,india2vijay,57,39,921,"Chennai, INDIA",39.776664,-86.145935
ObjectId(5c894621e783f23ca09b5cbd),12785762,TheAdamKramer,177,123,3703,"Los Angeles, CA",38.566592,-121.468632
ObjectId(5c894621e783f23ca09b5ccf),127942120,TMcnairbby,110,63,149,Abbeville Alabama,32.346251,-86.268593
ObjectId(5c894621e783f23ca09b5cd7),127960781,SMathesonGreen,1965,1190,44177,Northern California,38.566592,-121.468632
ObjectId(5c894621e783f23ca09b5cd9),127965742,SincerelySissy,2731,2775,12003,TexasKidd.,30.307182,-97.755996
ObjectId(5c894621e783f23ca09b5cdf),127976956,CBS11Karen,36,671,286,Dallas Fort Worth Texas,30.307182,-97.755996
ObjectId(5c894621e783f23ca09b5ce1),127979335,13akersDozen,543,137,2866,"334, Alabama",32.346251,-86.268593
ObjectId(5c894621e783f23ca09b5cf1),12803712,StephenBove,156,630,17470,"San Francisco, CA",38.566592,-121.468632
ObjectId(5c894621e783f23ca09b5d0a),128128069,truenorthgear,7,30,63,"Seattle, WA",47.041398,-122.896774
ObjectId(5c894621e783f23ca09b5d20),128222154,TheThickRib,96,74,1997,"New York, California, DC & MD",38.566592,-121.468632
ObjectId(5c894621e783f23ca09b5d24),128229932,JoshDSchultheis,157,30,135,"Bloomington, IN",39.776664,-86.145935
ObjectId(5c894621e783f23ca09b5d36),12828252,spotnyk,207,303,3880,"Dallas, TX",30.307182,-97.755996
ObjectId(5c894621e783f23ca09b5d39),128298928,ReneeRhyner,18,50,114,"Dallas, TX",30.307182,-97.755996
ObjectId(5c894621e783f23ca09b5d73),128478422,iEnlive,201,357,2684,"Los Angeles, CA",38.566592,-121.468632
ObjectId(5c894621e783f23ca09b5d91),128573827,esau2TRILL,287,289,4664,Port Arthur/BMT Texas,30.307182,-97.755996
ObjectId(5c894621e783f23ca09b5d97),128599901,peachymelba,48,23,210,"Santa Ana, CA",38.566592,-121.468632
ObjectId(5c894621e783f23ca09b5da0),128612978,imsneakee,124,105,2149,"San Jose, CA",38.566592,-121.468632
ObjectId(5c894621e783f23ca09b5db0),128670001,BWCWrestling,44,71,1265,"Dallas, TX",30.307182,-97.755996
ObjectId(5c894621e783f23ca09b5db1),128672339,TheOneWithIt,222,249,6209,"San Cramento, CA  415 to 916",38.566592,-121.468632
ObjectId(5c894621e783f23ca09b5db2),128680234,COLLEGEGIIRL10,250,289,5712,indianapolis,39.776664,-86.145935
ObjectId(5c894621e783f23ca09b5dba),128713394,ARONPAJDA,25,20,58,"Chicago, IL",39.763908,-89.670832
ObjectId(5c894621e783f23ca09b5dbe),128723785,shelby2sunshine,44,33,611,indiana,39.776664,-86.145935
ObjectId(5c894621e783f23ca09b5dca),128792588,PORSCHEMONEY,494,1788,104291," San Fashionsico, California",38.566592,-121.468632
ObjectId(5c894621e783f23ca09b5dcd),128800567,PYogaP,151,170,3968,dimana para ALIEMERZ ngumpul..,32.346251,-86.268593
ObjectId(5c894621e783f23ca09b5dd0),128814217,kailaludwig,131,599,3013,"Seattle, Washington",47.041398,-122.896774
ObjectId(5c894621e783f23ca09b5dd6),128844004,muushawolelf,1736,2393,12449,MAKASSAR INDONESIA,39.776664,-86.145935
ObjectId(5c894621e783f23ca09b5e04),128978510,Timmersity,55,27,3425,"Orange, CA",38.566592,-121.468632
ObjectId(5c894621e783f23ca09b5e08),128984466,TuezGayz,951,816,4680,"Austin, Texas",30.307182,-97.755996
ObjectId(5c894621e783f23ca09b5e0a),128988779,seegaines,177,203,3485,"Texas, Houston/Austin",30.307182,-97.755996
ObjectId(5c894621e783f23ca09b5e10),129004781,MHMillz,207,315,4311,"Washington,DC",47.041398,-122.896774
ObjectId(5c894621e783f23ca09b5e11),129009576,Brandonsharod,249,265,16772,Auburn Alabama,32.346251,-86.268593
ObjectId(5c894621e783f23ca09b5e18),129055709,Bhamnewssports,161,856,7415,"Birmingham, Alabama",32.346251,-86.268593
ObjectId(5c894621e783f23ca09b5e1b),129061922,MarquisDonta,420,720,33295,lost as hell in indiana.,39.776664,-86.145935
ObjectId(5c894621e783f23ca09b5e1e),129071618,JordanLawhorn,44,75,2212,"Los Angeles , CA",38.566592,-121.468632
ObjectId(5c894621e783f23ca09b5e33),129136837,HollywoodBieber,1849,12309,20727,"Hollywood , CA ",38.566592,-121.468632
ObjectId(5c894621e783f23ca09b5e5f),12933492,linzyxxxxx,157,61,6026,"Urbana, IL",39.763908,-89.670832
ObjectId(5c894621e783f23ca09b5e66),129357190,MarcusBrian,97,108,3341,"Prairie View/Houston, Texas",30.307182,-97.755996
ObjectId(5c894621e783f23ca09b5e69),129360573,AmerHeroesRadio,7074,6595,18491,"San Dimas, CA",38.566592,-121.468632
ObjectId(5c894621e783f23ca09b5e98),129531484,MrRandtastic,286,371,16306,"Burnham, IL",39.763908,-89.670832
ObjectId(5c894621e783f23ca09b5eb2),12962752,successfactors,282,2913,808,"San Mateo, CA",38.566592,-121.468632
ObjectId(5c894621e783f23ca09b5eb3),129627752,VayveM,78,107,2096,Moreno Valley CA,38.566592,-121.468632
ObjectId(5c894621e783f23ca09b5ebc),129660175,BuzzedHead,46,8,137,"Chicago, IL",39.763908,-89.670832
ObjectId(5c894621e783f23ca09b5ebf),12966692,yellowmello,806,415,17737,Mount Vernon IN,39.776664,-86.145935
ObjectId(5c894621e783f23ca09b5ec1),129669302,vnessaq,156,157,3970,"Los Angeles, California",38.566592,-121.468632
ObjectId(5c894621e783f23ca09b5ec5),129693795,chaeyujin,43,17,386,Sunny California,38.566592,-121.468632
ObjectId(5c894621e783f23ca09b5ecf),129730276,ewwhitscaroline,390,436,27417,"stockton,california(:",38.566592,-121.468632
ObjectId(5c894621e783f23ca09b5ed0),129738200,KurtisEMcCoin,274,299,9160,Indianapolis,39.776664,-86.145935
ObjectId(5c894621e783f23ca09b5ef6),129861760,NiqueALicious,167,67,1770,Alabama,32.346251,-86.268593
ObjectId(5c894621e783f23ca09b5f06),129911948,androidashley,261,2967,4380,"Hollywood, CA",38.566592,-121.468632
ObjectId(5c894621e783f23ca09b5f0a),12991942,dvaleris,132,250,4602,Washington DC,47.041398,-122.896774
ObjectId(5c894621e783f23ca09b5f0c),129925140,GDSII,92,27,966,"Mobile, AL",32.346251,-86.268593
ObjectId(5c894621e783f23ca09b5f0f),129934464,TheRealLarro,99,257,3242,"Richmond, California Made",38.566592,-121.468632
ObjectId(5c894621e783f23ca09b5f16),129967546,danayadd4u,1763,1833,37840,"Chicago, IL",39.763908,-89.670832
ObjectId(5c894621e783f23ca09b5f1b),129980502,ohsoodaneka,36,10,73,"SanAntonio, TEXAS",30.307182,-97.755996
ObjectId(5c894621e783f23ca09b5f1d),12998682,TheBOMBSHELL,787,3160,26320,"Birmingham, Alabama",32.346251,-86.268593
ObjectId(5c894621e783f23ca09b5f22),129998054,DesiNumNum,69,244,12610,San Antonio.Texas,30.307182,-97.755996
ObjectId(5c894621e783f23ca09b5f23),13000042,kennysmith,154,1099,17196,Alabama,32.346251,-86.268593
ObjectId(5c894621e783f23ca09b5f2e),130018947,DanKingImages,205,59,703,"Seattle, WA",47.041398,-122.896774
ObjectId(5c894621e783f23ca09b5f2f),130020344,KTFralick,637,294,909,Indianapolis,39.776664,-86.145935
ObjectId(5c894621e783f23ca09b5f32),130030966,callmecynthia,411,198,7438,California.....i wish^ ^,38.566592,-121.468632
ObjectId(5c894621e783f23ca09b5f3d),130059788,Destiny66,184,299,5481,california(:,38.566592,-121.468632
ObjectId(5c894621e783f23ca09b5f43),130074912,WhyHateDshaw,751,753,8476,Killeen Texas,30.307182,-97.755996
ObjectId(5c894621e783f23ca09b5f5a),130154299,adamnevins,307,126,1044,"Indianapolis, IN",39.776664,-86.145935
ObjectId(5c894621e783f23ca09b5f5f),130178265,babylonrecords,1705,158,68,Carlsbad CA,38.566592,-121.468632
ObjectId(5c894621e783f23ca09b5f73),130269273,kissestoMYfanss,350,526,9094,"Washington, DC",47.041398,-122.896774
ObjectId(5c894621e783f23ca09b5f81),130317831,MarketingLetter,2850,3704,6946,"Washington, DC",47.041398,-122.896774
ObjectId(5c894621e783f23ca09b5f85),130358330,SpikesTOsharp,436,418,766,"Long Beach CA.,",38.566592,-121.468632
ObjectId(5c894621e783f23ca09b5f8f),130382505,TheDamnWolfman,59,76,2221,"Los Angeles, CA",38.566592,-121.468632
ObjectId(5c894621e783f23ca09b5f98),130394860,MarcoBernal22,158,1358,2685,"Los Angeles, CA",38.566592,-121.468632
ObjectId(5c894621e783f23ca09b5f9a),130400077,juliogeebd,99,105,7549,"Pomona,California",38.566592,-121.468632
ObjectId(5c894621e783f23ca09b5fc7),130579391,Sagebio,238,550,280,Seattle WA USA,47.041398,-122.896774
ObjectId(5c894621e783f23ca09b5fcf),130607739,1finekitty,1094,1026,948,Alabama,32.346251,-86.268593
ObjectId(5c894621e783f23ca09b5fdb),130674736,ciaranspeake,822,301,1223,"Garland, Texas",30.307182,-97.755996
ObjectId(5c894621e783f23ca09b5fe4),13069332,kgustafson,335,672,5946,Washington D.C.,47.041398,-122.896774
ObjectId(5c894621e783f23ca09b601c),130898974,SolidarityPaint,52,26,881,"Santa Rosa, CA",38.566592,-121.468632
ObjectId(5c894621e783f23ca09b6021),130917930,crjr1411,23,9,15,"Lubbock, TX",30.307182,-97.755996
ObjectId(5c894621e783f23ca09b6050),131035971,MARCOSIS82,65,30,894,Texas,30.307182,-97.755996
ObjectId(5c894621e783f23ca09b6055),131048527,lilmissgibbo,48,2,128,georgia/texas,30.307182,-97.755996
ObjectId(5c894621e783f23ca09b605e),131064898,KoolAssKre,208,422,12136,"Candy Paint & Purple Drank, TX",30.307182,-97.755996
ObjectId(5c894621e783f23ca09b6060),131068991,JayTooSm00th,181,181,15879,California,38.566592,-121.468632
ObjectId(5c894621e783f23ca09b60b9),131271019,TimoTherapy,132,292,4833,Southern California,38.566592,-121.468632
ObjectId(5c894621e783f23ca09b60bd),131283585,mistyjones,97,117,1806,"San Antonio, TX",30.307182,-97.755996
ObjectId(5c894621e783f23ca09b60c9),131304926,grandpaslsmith,254,59,2470,"Redwood City, CA",38.566592,-121.468632
ObjectId(5c894621e783f23ca09b60d2),131326353,lilmizsexyy,221,341,8965,Houston TX,30.307182,-97.755996
ObjectId(5c894621e783f23ca09b6102),131467950,VirgilMcMahon,73,62,1667,"Birmingham UK, Austin TX, USA",30.307182,-97.755996
ObjectId(5c894621e783f23ca09b6154),131738763,iHeartcolorRed,971,207,2675,SUGAR CANDY MOUNTAIN :P~,38.566592,-121.468632
ObjectId(5c894621e783f23ca09b615d),131752138,MoWill100,255,127,1879,"Indianapolis,IN",39.776664,-86.145935
ObjectId(5c894621e783f23ca09b6188),13187422,travam,91,97,3404,"Seattle, WA",47.041398,-122.896774
ObjectId(5c894621e783f23ca09b619d),131957241,stylistbabbs,548,246,243,"Seattle, WA",47.041398,-122.896774
ObjectId(5c894621e783f23ca09b61a5),131971584,lilmamabad24,111,80,977,"Naperville, IL",39.763908,-89.670832
ObjectId(5c894621e783f23ca09b61ac),131982022,EnVymEimZee,311,165,3262,California/ Texas,38.566592,-121.468632
ObjectId(5c894621e783f23ca09b61b6),132020313,paulapaulss,207,326,15966,"Houston, Texas",30.307182,-97.755996
ObjectId(5c894621e783f23ca09b61be),132047362,brandonNIKE,569,377,1684,Atlanta GA / Houston TX,30.307182,-97.755996
ObjectId(5c894621e783f23ca09b61c8),13206322,benlove,249,191,1383,"Dallas, TX",30.307182,-97.755996
ObjectId(5c894621e783f23ca09b61d1),132079448,abmultimedia,17,164,48265,"Los Angeles, CA",38.566592,-121.468632
ObjectId(5c894621e783f23ca09b61f0),132211336,Tic4TattooTink,334,332,14038,"Chicago, IL",39.763908,-89.670832
ObjectId(5c894621e783f23ca09b61f9),132241271,yesimichelle,210,39,458,Texas,30.307182,-97.755996
